"app","func","start_timestamp","duration","end_timestamp","p90","p95","p99","p100"
"7b2c43a2bc30f6bb438074df88b603d2cb982d3e7961de05270735055950a568","e3cdb48830f66eb8689cc0223514569a69812b77e6611e3d59814fac0747bd2f",0.00149090003967285,0.078,0.0794909000396729,0.5662,1.78759999999999,2.75548,10.105
"1573b95c039e51cc012b543a4af3bc7c3ee9485acbb0033ba5648b74969e0556","48cc770d590d3c5a7691b3b4e9302f82ec3be5ddc2a037d94ad2e76f44dd8946",0.0054779052734375,59.125,59.1304779052734,79.0635,102.929,186.88674,502.375
"f274d71de386ccc77e4ca74766dbc485461c3053059d47266463c45ec92001b3","3d2aee54a133509f16fb636d74128c2adcfcac71c6dcef78fda1ace004f2ab47",0.0165410652160647,6.236,6.25254106521606,10.3122,12.0927,16.79316,161.332
"7b2c43a2bc30f6bb438074df88b603d2cb982d3e7961de05270735055950a568","68bbfd828223a505d7917339f4656c5f33ff93225cdb9d0fcbc9889edb49253a",0.0168239593505859,0.05,0.0668239593505859,0.5444,1.55579999999999,2.46444,10.032
"f7bfe5bc8d2a37a5c15986fbfc2c477a746e866adcb9663f9df7535b61c3eb9b","34f4775366e51728635af48df1a96d332cf1565eee069a0030f12966ae760274",0.0219910831451416,0.078,0.0999910831451416,0.124,0.14,0.34978,24.862
"85479ef37b5dc75dd5aeca3bab499129b97a134dac5d740d2c68941de9d63031","e6df36937abcf1f6d0be4f2e3ffd12d98717dd6f29a9cd233790506517888daf",0.0230160713195802,1.275,1.29801607131958,3.608,4.35125,50.3537000000002,293.65
"85479ef37b5dc75dd5aeca3bab499129b97a134dac5d740d2c68941de9d63031","cd9f7f333d59aede8088772edac3bff78c45e2dad8eb498b450b9af511452a36",0.0231881084442165,62.306,62.3291881084442,107.3557,155.0106,234.26821,298.339
"85479ef37b5dc75dd5aeca3bab499129b97a134dac5d740d2c68941de9d63031","e02465de583b6ceffa5b78cce5f10eb27e714a8a6b3aed483be50f30a924071f",0.0232869911193849,2.195,2.21828699111938,0.765,3.1455,4.175,6.004
"85479ef37b5dc75dd5aeca3bab499129b97a134dac5d740d2c68941de9d63031","4a4146ed669e9c0bdb2c7db94558df4ec44bf31ec5609d066408de4a4215efbd",0.0233778972625733,1.398,1.42137789726257,3.5814,4.1386,13.83328,275.542
"85479ef37b5dc75dd5aeca3bab499129b97a134dac5d740d2c68941de9d63031","ebfe951bf36afd91115e54adab000c6325a83146c5f14e75ca03a16ed38f3831",0.0236330661773683,1.634,1.65763306617737,3.6354,4.1821,13.2515,43.193
"85479ef37b5dc75dd5aeca3bab499129b97a134dac5d740d2c68941de9d63031","d880a3e25b4baf00977b29491a01e9cf3bfd963a31b2013859d67b2b43291d74",0.0237699546813985,62.321,62.3447699546814,105.2974,155.6322,240.08352,298.18
"734272c01926d19690e5ec308bab64ef97950b75b1c7582283e0783fce1751d8","313c03f53a0d31f70aec25f62efb33e7dd779725ca4af579018452d1204beaad",0.0635039596557618,9.872,9.93550395965576,0.4385,0.622,5.12214999999999,56.303
"734272c01926d19690e5ec308bab64ef97950b75b1c7582283e0783fce1751d8","cad5438d35e125ee9c4060b7083c78f20b41f9c2c5eadedb909208b3538750fd",0.0749410190582276,1.446,1.52094101905823,1.3625,1.591,3.2465,8.843
"734272c01926d19690e5ec308bab64ef97950b75b1c7582283e0783fce1751d8","7940faf88dec730f882fc978f336d7a6db0c6069120abd95a953e9bfc988aecd",0.171832111358643,1.072,1.24383211135864,1.119,1.31395,2.78087,6.832
"17c37a0fdd5d1932b755c0e6447137bc08fd524f455e14fdac414f584de08dc5","c9f8e30e36d1aef62c10b3cfca6e289a93848a148d876dd514753040314f4817",1.20558903694153,0.02,1.22558903694153,0.021,0.025,0.059,0.288
"1573b95c039e51cc012b543a4af3bc7c3ee9485acbb0033ba5648b74969e0556","4ebfe961fb725aa1b0e95c0f40be44625edbfbbb9b89aa593e23d81211eb3e87",2.68182202148438,73.892,76.5738220214844,80.4931,101.29645,192.258,501.554
"734272c01926d19690e5ec308bab64ef97950b75b1c7582283e0783fce1751d8","556ccf8758c8c2a20082c161e955405e950439f0503522fe129e709a5dc0e58f",15.338098991394,404.987,420.325098991394,399.971,447.919,508.917,563.503
"734272c01926d19690e5ec308bab64ef97950b75b1c7582283e0783fce1751d8","556ccf8758c8c2a20082c161e955405e950439f0503522fe129e709a5dc0e58f",15.3430519142151,81.921,97.2640519142151,399.971,447.919,508.917,563.503
"734272c01926d19690e5ec308bab64ef97950b75b1c7582283e0783fce1751d8","556ccf8758c8c2a20082c161e955405e950439f0503522fe129e709a5dc0e58f",15.3430550079346,122.852,138.195055007935,399.971,447.919,508.917,563.503
